COMPANY,WEBSITE,NUMBER
1North Ltd,www.1north.co.uk,0800 043 0365
Wise Energy Solutions Ltd,www.gdesuk.co.uk,0845 154 0336
Greenoke Energy Ltd,www.greenoke.co.uk/index.php,01722 439 838
Network Green Deal Limited,www.greendealnet.co.uk,01572 725530
City Energy Network Ltd,www.cityenergy.org.uk,02920 499183
GEN4U Ltd,gen4u.co.uk/,0800 035 5902
Solarwise Renewables Limited,www.solarwise-rl.co.uk,0292 088 5887
Efficient Finance (UK) Ltd,www.efficientfinanceuk.co.uk,01274 317217
Local Energy Limited,www.localenergy.org.uk,01616 153762
InstaGroup Limited,www.instagroup-homes.co.uk,0800 093 1306
